Metric,Score
Accuracy,0.9560538116591928
Precision,0.9809523809523809
Recall,0.6866666666666666
F1 Score,0.807843137254902
